Detailed Statement,,,,,,
Account Number:,000401XXXXXX,,,,,
Account Name:,MS SNEHA,,,,,
,,,,,,
S No.,Value Date,Transaction Date,Cheque Number,Transaction Remarks,Withdrawal Amount (INR ),Deposit Amount (INR ),Balance (INR )
1,01/09/2026,01/09/2026,,"SALARY CREDIT ACME PVT LTD",,"90,000.00","1,40,000.00"
2,01/09/2026,01/09/2026,,"UPI/SWIGGY/DINNER ORDER","450.00",,"1,39,550.00"
3,02/09/2026,02/09/2026,,"NEFT RENT LANDLORD SEP","25,000.00",,"1,14,550.00"
4,04/09/2026,04/09/2026,,"ATM CASH WITHDRAWAL","5,000.00",,"1,09,550.00"
5,06/09/2026,06/09/2026,,"UPI/BIGBASKET/GROCERIES","2,180.00",,"1,07,370.00"
